INCI_Name,Synergistic_Ingredients
Alpha Arbutin,Niacinamide
Tranexamic Acid,Niacinamide;Azelaic Acid
Kojic Acid,Vitamin C
Ferulic Acid,Vitamin C;Vitamin E
Tocopherol,Vitamin C
Resveratrol,Ferulic Acid
Green Tea Extract,Niacinamide
Centella Asiatica Extract,Panthenol
Madecassoside,Ceramides
Asiaticoside,Panthenol
Urea,Lactic Acid
Glycerin,Occlusives
Sodium PCA,Glycerin
Betaine,Panthenol
Propylene Glycol,Glycerin
Butylene Glycol,Glycerin
Squalane,Ceramides
Shea Butter,Oils
Petrolatum,Humectants
Dimethicone,Glycerin
Cyclopentasiloxane,Dimethicone
Phenoxyethanol,Ethylhexylglycerin
Ethylhexylglycerin,Phenoxyethanol
Sodium Benzoate,Potassium Sorbate
Potassium Sorbate,Sodium Benzoate
Disodium EDTA,Preservatives
Citric Acid,Sodium Citrate
Sodium Citrate,Citric Acid
Carbomer,TEA
Acrylates/C10-30 Alkyl Acrylate Crosspolymer,Neutralizers
Triethanolamine,Carbomer
Xanthan Gum,Glycerin
Hydroxyethylcellulose,Glycerin
Polyacrylate-13,Isohexadecane
Isohexadecane,Silicones
Caprylic/Capric Triglyceride,Ceramides
Cetearyl Alcohol,Ceteareth-20
Cetyl Alcohol,Emulsifiers
Stearyl Alcohol,Emulsifiers
Ceteareth-20,Fatty alcohols
Polysorbate 20,Essential oils
Polysorbate 80,Fragrance
PEG-40 Hydrogenated Castor Oil,Fragrance
Sodium Laureth Sulfate,Cocamidopropyl Betaine
Sodium Lauryl Sulfate,Amphoterics
Cocamidopropyl Betaine,SLES
Decyl Glucoside,Coco Glucoside
Coco Glucoside,Decyl Glucoside
Sodium Cocoyl Isethionate,Cocamidopropyl Betaine
Sodium Lauroyl Sarcosinate,CAPB
Disodium Laureth Sulfosuccinate,CAPB
Sodium Cocoyl Glutamate,Sodium Lauroyl Glutamate
Sodium Lauroyl Glutamate,Sodium Cocoyl Glutamate
PEG-7 Glyceryl Cocoate,SLES
Glyceryl Stearate,PEG-100 Stearate
PEG-100 Stearate,Glyceryl Stearate
Sorbitan Olivate,Cetearyl Alcohol
Cetearyl Olivate,Sorbitan Olivate
Cholesterol,Ceramides;FA
Linoleic Acid,Ceramides
Oleic Acid,Oils
Palmitic Acid,Fatty alcohols
Stearic Acid,Glyceryl Stearate
Behenyl Alcohol,Emulsifiers
Arachidyl Alcohol,Behenyl Alcohol
Arachidyl Glucoside,Fatty alcohols
Hydrogenated Lecithin,Ceramides
Phytosphingosine,Ceramides
Ceramide AP,Cholesterol;FA
Ceramide EOP,Cholesterol;FA
Ceramide NS,Cholesterol;FA
Copper Tripeptide-1,Niacinamide
Palmitoyl Pentapeptide-4,Hyaluronic Acid
Palmitoyl Tripeptide-1,Palmitoyl Tetrapeptide-7
Palmitoyl Tetrapeptide-7,Palmitoyl Tripeptide-1
Acetyl Hexapeptide-8,Hyaluronic Acid
Hexapeptide-11,Niacinamide
Oligopeptide-1,Panthenol
Oligopeptide-2,Ceramides
Polyglutamic Acid,Hyaluronic Acid
Ectoin,Ceramides
Beta-Glucan,Panthenol
Colloidal Oatmeal,Ceramides
Allantoin,Panthenol
N-Acetyl Glucosamine,Niacinamide
Tranexamic Acid Cetyl Ester,Niacinamide
Niacinamide Ascorbate,Ferulic Acid
Ascorbyl Glucoside,Niacinamide
3-O-Ethyl Ascorbic Acid,Ferulic Acid
Magnesium Ascorbyl Phosphate,Niacinamide
Sodium Ascorbyl Phosphate,Zinc PCA; Tocopheryl Acetate; Tocopherol
Retinal,Niacinamide
Hydroxypinacolone Retinoate,Peptides
Bakuchiol,Niacinamide
Azelaoyl Diglycinate,Niacinamide
Lipochroman-6,Vitamin C;E
Astaxanthin,Vitamin E
Coenzyme Q10,Vitamin E
Idebenone,Vitamin C
Alpha-Lipoic Acid,Vitamin C
Glutathione,Vitamin C
Cysteamine HCl,Moisturizers
Thiamidol,Niacinamide
Dipotassium Glycyrrhizate,Niacinamide
Glycyrrhiza Glabra Root Extract,Vitamin C
Artemisia Capillaris Extract,Centella Extract
Propanediol,Glycerin
Saccharomyces Ferment Filtrate,Niacinamide
Galactomyces Ferment Filtrate,Niacinamide
Bifida Ferment Lysate,Ceramides
Lactobacillus Ferment Lysate,Panthenol
Leuconostoc/Radish Root Ferment Filtrate,Glycerin
Pseudoalteromonas Ferment Extract,Peptides
Alteromonas Ferment Extract,Panthenol
Tremella Fuciformis Polysaccharide,Hyaluronic Acid
Pullulan,Humectants
Biosaccharide Gum-1,Panthenol
Sodium Hyaluronate Crosspolymer,Ceramides
Polyquaternium-51,Ceramides
Niacinamide Ferulate,Vitamin C derivatives
Sodium Retinoyl Hyaluronate,Niacinamide
Hydroxystearic Acid,Oils
Polyhydroxybutyrate,Humectants
Gluconolactone,Niacinamide
Lactobionic Acid,Ceramides
Mandelic Acid,Niacinamide
Succinic Acid,Niacinamide
Zinc Gluconate,Niacinamide
Copper PCA,Zinc PCA
Magnesium PCA,Sodium PCA
Silica,Starch
Mica,Titanium Dioxide
Titanium Dioxide,Zinc Oxide
Zinc Oxide,Titanium Dioxide
Diethylamino Hydroxybenzoyl Hexyl Benzoate,Octocrylene
Ethylhexyl Triazone,UVA filters
Bis-Ethylhexyloxyphenol Methoxyphenyl Triazine,Tinosorb M
Methylene Bis-Benzotriazolyl Tetramethylbutylphenol,Tinosorb S
Octocrylene,Avobenzone
Butyl Methoxydibenzoylmethane,Octocrylene
Homosalate,Octocrylene
Octisalate,Avobenzone
Ensulizole,Avobenzone
Drometrizole Trisiloxane,Mexoryl SX
Ecamsule,Mexoryl XL
Polypodium Leucotomos Extract,Sunscreens
Niacinamide Salicylate,Zinc PCA
Capryloyl Salicylic Acid,Niacinamide
Hexylresorcinol,Niacinamide
Phenylethyl Resorcinol,Tranexamic Acid
Dihydroxyacetone,Erythrulose
Erythrulose,Dihydroxyacetone
Caffeine,EGCG
EGCG,Caffeine
Niacinamide PCA,Ceramides
Sodium DNA,Peptides
PDRN,Peptides
Sh-Oligopeptide-1,Panthenol
Sh-Polypeptide-11,Ceramides
Acetyl Tetrapeptide-5,Caffeine
Tripeptide-1,Copper peptides
Palmitoyl Dipeptide-7,Ceramides
Acetyl Octapeptide-3,Hyaluronic Acid
Pentapeptide-18,Acetyl Hexapeptide-8
Oligopeptide-20,Panthenol
Sodium Carboxymethyl Beta-Glucan,Panthenol
Hydroxypropyltrimonium Hyaluronate,Ceramides
Sodium Acetylated Hyaluronate,Ceramides
Hydrolyzed Hyaluronic Acid,Occlusives
Sodium Lactate,Glycerin
Ammonium Lactate,Urea
Sodium PCA Lactate,Glycerin
Trehalose,Glycerin
Erythritol,Glycerin
Sodium Polyglutamate,Hyaluronic Acid
Saccharide Isomerate,Glycerin
Inulin,Ferments
Alpha-Glucan Oligosaccharide,Lactobacillus Ferment
Fructooligosaccharides,Ferments
Betaine Salicylate,Niacinamide
Gluconic Acid,PHAs
Malic Acid,Lactic Acid
Tartaric Acid,AHAs
Citramalic Acid,PHAs
Pyruvic Acid,Salicylic Acid
Azelaic Acid Potassium Salt,Niacinamide
Ferulic Acid Ethyl Ester,Vitamin C derivatives
Carnosine,Niacinamide
Ergothioneine,Vitamin C;E
Lutein,Zeaxanthin
Zeaxanthin,Lutein
Baicalin,Centella Extract
Baicalein,Ferulic Acid
Madecassic Acid,Ceramides
Asiatic Acid,Panthenol
Hesperidin Methyl Chalcone,Caffeine
Diosmin,Hesperidin
Niacinamide Chloride,Ceramides
Adenosine,Niacinamide
Proline,Glycine
Glycine,Proline
Arginine,Panthenol
Histidine,Zinc PCA
Serine,Glycerin
Alanine,Serine
Valine,Leucine
Leucine,Valine
Isoleucine,Leucine
Phenylalanine,Tyrosine
Tyrosine,Vitamin C
Methionine,Cysteine
Cysteine,Vitamin C
Taurine,Betaine
Carnitine,Niacinamide
Creatine,CoQ10
Ubiquinol,Vitamin E
Sodium Ascorbyl Phosphate Chloride,Zinc PCA
Ascorbyl Tetraisopalmitate,Vitamin E
Hydroxyacetophenone,Phenoxyethanol
Ethylhexylglycerin Carbonate,Phenoxyethanol
Caprylyl Glycol,Phenoxyethanol
Pentylene Glycol,Glycerin
Hydroxypropyl Cyclodextrin,Unstable actives
Cyclodextrin,Retinoids;Fragrance
Hydroxypropyl Starch Phosphate,Silica
Aluminum Starch Octenylsuccinate,Silica
Polyurethane-35,Silicones
VP/VA Copolymer,Plasticizers
Sodium Chloride,Surfactants
Calcium PCA,Sodium PCA
Magnesium Ascorbyl Phosphate Phosphate,Niacinamide
Sodium Cocoyl Alaninate,CAPB
Sodium Cocoyl Glycinate,CAPB
Disodium Cocoyl Glutamate,Sodium Cocoyl Glutamate
Lauryl Glucoside,Decyl Glucoside
Coco-Betaine,SLES
Sodium Lauroamphoacetate,CAPB
PEG-6 Caprylic/Capric Glycerides,Fragrance
Polyglyceryl-10 Laurate,Essential oils
Polyglyceryl-6 Caprylate,Glyceryl Caprylate
Glyceryl Caprylate,Phenoxyethanol
Sodium Levulinate,Sodium Anisate
Sodium Anisate,Sodium Levulinate
Caprylhydroxamic Acid,Glycols
Dehydroacetic Acid,Benzyl Alcohol
Benzyl Alcohol,Dehydroacetic Acid
Potassium Benzoate,Sodium Benzoate
Sodium Dehydroacetate,Benzyl Alcohol
Undecylenoyl Glycine,Niacinamide
Oleanolic Acid,Niacinamide
Nordihydroguaiaretic Acid,Vitamin E
Apigenin,Niacinamide
Quercetin,Vitamin C
Rutin,Vitamin C
Ellagic Acid,Vitamin C
Feruloyl Soy Glycerides,Vitamin C derivatives
Syringic Acid,Ferulic Acid
Vanillic Acid,Vitamin E
Sinapic Acid,Ferulic Acid
Caffeic Acid,Vitamin C
Chlorogenic Acid,Caffeine
Rosmarinic Acid,Centella Extract
Ursolic Acid,Niacinamide
Maslinic Acid,Centella Extract
Beta-Sitosterol,Ceramides
Campesterol,Ceramides
Stigmasterol,Ceramides
Ergosterol,Ceramides
Phytosterols,Ceramides;Cholesterol
Squalene,Antioxidants
Isostearyl Isostearate,Ceramides
C12-15 Alkyl Benzoate,UV filters
Diisopropyl Sebacate,Silicones
Neopentyl Glycol Diheptanoate,Silicones
Dicaprylyl Carbonate,Silicones
Isoamyl Laurate,Plant oils
Coco-Caprylate/Caprate,Plant oils
Hydrogenated Polyisobutene,Occlusives
Polyisobutene,Occlusives
Mineral Oil,Humectants
Microcrystalline Wax,Petrolatum
Ceresin,Waxes
Ozokerite,Waxes
Beeswax,Oils
Candelilla Wax,Oils
Carnauba Wax,Waxes
Hydrogenated Vegetable Oil,Plant oils
Shea Olein,Ceramides
Jojoba Oil,Niacinamide
Argan Oil,Vitamin E
Sunflower Seed Oil,Ceramides
Safflower Oil,Niacinamide
Rosehip Seed Oil,Vitamin E
Evening Primrose Oil,Ceramides
Borage Seed Oil,Ceramides
Camellia Seed Oil,Squalane
Grapeseed Oil,Vitamin E
Sweet Almond Oil,Vitamin E
Avocado Oil,Ceramides
Macadamia Seed Oil,Squalane
Hemp Seed Oil,Niacinamide
Meadowfoam Seed Oil,Ceramides
Rice Bran Oil,Vitamin E
Sea Buckthorn Oil,Vitamin E
Tamanu Oil,Vitamin E
Marula Oil,Vitamin E
Kukui Nut Oil,Ceramides
Niacinamide Polydextrose,Ceramides
Retinyl Retinoate,Niacinamide
Retinyl Palmitate,Antioxidants
Granactive Retinoid,Peptides
Encapsulated Retinol,Niacinamide
Polyhydroxy Acid Blend,Ceramides
Encapsulated Salicylic Acid,Niacinamide
Zinc Salicylate,Niacinamide
Silver Citrate,Preservatives
Lactoferrin,Zinc
Epidermal Lipid Complex,Niacinamide
Lamellar Emulsion Base,Ceramides
Chitosan,Hyaluronic Acid
Hydroxypropyl Chitosan,Humectants
Alginate,Calcium salts
Carrageenan,Humectants
Pullulan Crosspolymer,Humectants
Hydrolyzed Collagen,Glycerin
Hydrolyzed Elastin,Humectants
Silk Amino Acids,Humectants
Hydrolyzed Rice Protein,Humectants
Hydrolyzed Wheat Protein,Humectants
Hydrolyzed Oat Protein,Beta-glucan
Hydrolyzed Soy Protein,Humectants
Hydrolyzed Keratin,Humectants
DNA Repair Enzyme,Sunscreens
Photolyase,Sunscreens
Endonuclease,Antioxidants
Fermented Hyaluronic Acid,Ceramides
Low Molecular Weight HA,Occlusives
High Molecular Weight HA,Occlusives
Crosslinked Hyaluronic Acid,Ceramides
Biosaccharide Gum-2,Panthenol
Sodium Alginate,Calcium salts
Calcium Alginate,Alginate
Gellan Gum,Xanthan gum
Sclerotium Gum,Xanthan gum
Pullulan Gum,Humectants
Konjac Glucomannan,Glycerin
Beta-Glucan Oligosaccharide,Panthenol
Marine Collagen,Humectants
Elastin Amino Acids,Humectants
Pea Peptide,Niacinamide
Papain,Urea
Bromelain,Papain
Subtilisin,Humectants
Lipase,Niacinamide
Superoxide Dismutase,Vitamin C;E
Catalase,SOD
Glucose Oxidase,Preservatives
Lactoperoxidase,Glucose Oxidase
Chlorella Vulgaris Extract,Antioxidants
Spirulina Platensis Extract,Niacinamide
Haematococcus Pluvialis Extract,Vitamin E
Dunaliella Salina Extract,Vitamin E
Aloe Barbadensis Leaf Juice,Panthenol
Aloe Barbadensis Leaf Extract,Allantoin
Calendula Officinalis Extract,Panthenol
Chamomilla Recutita Extract,Panthenol
Bisabolol,Panthenol
Centella Asiatica Leaf Water,Preservatives
Glycyrrhiza Inflata Root Extract,Niacinamide
Scutellaria Baicalensis Root Extract,Vitamin C
Morus Alba Root Extract,Tranexamic Acid
Arctostaphylos Uva-Ursi Leaf Extract,Niacinamide
Punica Granatum Extract,Vitamin C
Camellia Sinensis Leaf Extract,Caffeine
Vitis Vinifera Fruit Extract,Vitamin E
Vaccinium Myrtillus Fruit Extract,Vitamin C
Rubus Idaeus Leaf Extract,Panthenol
Cucumis Sativus Fruit Extract,Aloe
Hamamelis Virginiana Leaf Extract,Niacinamide
Salix Alba Bark Extract,Niacinamide
Rosmarinus Officinalis Leaf Extract,Vitamin E
Lavandula Angustifolia Oil,
Pelargonium Graveolens Oil,
Limonene,
Linalool,
Citral,
Geraniol,
CI 77491,CI 77492
CI 77492,CI 77491
CI 77499,Iron Oxides
CI 77891,Iron Oxides
CI 77007,Iron Oxides
CI 77288,Iron Oxides
CI 77742,Iron Oxides
CI 42090,
CI 19140,
CI 16035,
Cyclohexasiloxane,Dimethicone
Dimethiconol,Dimethicone
Ethanol,Propylene Glycol
Isopropyl Alcohol,
Dipropylene Glycol,Fragrance
Trisodium EDTA,Preservatives
Sodium Phytate,Preservatives
Lactic Acid,Urea
Sodium Hydroxide,Citric Acid
Potassium Hydroxide,Citric Acid
Tromethamine,Carbomer
Aminomethyl Propanol,Carbomer
Sodium Polyacrylate,Glycerin
Polyacrylate Crosspolymer-6,Electrolytes
Chlorphenesin,Phenoxyethanol
Polydeoxyribonucleotide Sodium,Peptides
Salmon DNA Fragment,Peptides
Exosome-like Vesicles,Growth factors
Stem Cell Conditioned Media,Peptides
Bakuchiol Analog (Babchi Synth),Niacinamide
Retinyl Retinoate Encapsulated,Ceramides
Hydroxyectoin,Ectoin
Trehalose Liposomes,Ceramides
Niacinamide Microcapsules,Ceramides
Tranexamic Acid Liposome,Niacinamide
Fermented Ceramide NP,Cholesterol
Postbiotic Peptide Complex,Panthenol
Water,
Isododecane,Silicones
Fragrance,
BHT,BHA
BHA,BHT
Menthol,
Camphor,
Alcohol Denat,
Isopropyl Myristate,
Caprylic Acid,Capric Acid
Capric Acid,Caprylic Acid
Retinol,Ferulic Acid
L-Ascorbic Acid,Vitamin E
Niacinamide,Zinc PCA
Salicylic Acid,Niacinamide
Hyaluronic Acid,Panthenol
Glycolic Acid,Lactic Acid
Ceramide NP,Cholesterol
Panthenol,Niacinamide
Azelaic Acid,Niacinamide
Matrixyl 3000,HA
Argireline,HA
Centella Asiatica,Ceramides
Ethylhexylglyc.,Phenoxyethanol
Fermented Oil,Prebiotics
Exosomes,Peptides
Senolytic Pep,Resveratrol
Licorice Root,Vitamin C
Polyglutamic Ac.,HA
Thiotic Acid,Vitamin C
Retinaldehyde,HA
HPR,Squalane
Zinc PCA,Niacinamide
Phytosphingos.,Ceramides
Saccharide Isom.,HA
ETERWELL? YOUTH,Resveratrol
Pickmulse?,Pickering
Galguard?,Humectants
PRO-LONGEVIA?,Peptides
Clarivine?,Vitamin C
PhytoCellTec?,PGA
Luceane,HA
OleoShine Green,Mica
Bemotrizinol,Avobenzone
Bisphenol S,
"1,4-Dioxane",
Formaldehyde,
Benzene,
Coal Tar,
Hydroquinone,Vitamin C
Benzoyl Perox,Clindamycin
Adapalene,
Aluminum Chlor,
Rosehip Oil,Squalane
Mangifera Ind.,HA
Curcuma Longa,Honey
Melicica?,Prebiotics
Ginseng Ext,Vitamin C
Rosemary Ext,Vitamin E
Pomegranate Ex,Green Tea
Alpha-Glucan,Postbiotics
Titanium Diox,Zinc Oxide
DMAE,Peptides
Alpha Lipoic,Vitamin C
Vitamin K,Arnica
Cocamidopropyl,SLES
Sodium Laureth,Betaine
Methylparaben,Propylparaben
Avobenzone,Octocrylene
S3D? Reverso,HA
Aloe Vera,
Algin,
Algae Extract,
Algae Exopolysaccharides,
Alaria Esculenta Extract,
Ahnfeltia Concinna Extract,
Acetyl Tyrosinamide,
Acetyl Tetrapeptide,
Acetyl Glucosamine,
Acetylarginyltryptophyl Diphenylglycine,
Acai Extract,
Ascorbic Acid,
Ascophyllum Nodosum Extract,
Arginine PCA,
Arginine/Lysine Polypeptide,
Arginine HCL,
Arbutin,
Aquagenium,
Apple Stem Cells,
,
Apple Polyphenols,
Apple Extract,
Anti-Ageing Peptides,
Amino Acids,
Beta Glucan,
Azelaoyl Bis-Dipeptide,
Avocado Ferment,
Avene Thermal Water,
Asparagopsis Armata Extract,
Ascorbyl Palmitate,
Cabbage Leaf Extract,
Blue Mallow Extract,
Blue Lotus Extract,
Blueberry Extract,
Bilberry Extract,
Bio-Active Glucosides,
Chondrus Crispus,
Chlorophyll,
Chamomile Extract,
Chlorella Protothecoides Oil,
Ceramides,
Chlorella Protothecoides,
Chemical UV Filters,
Caprooyl Sphingosine,
Caprooyl Phytosphingosine,
Dunaliella Salina (Green Algae) Extract,
Dioic Acid,
Cucumber Extract,
Dipeptide Diaminobutyroyl Benzylamide Diacetate,
Dipeptide,
Copper Peptide,
Copper Palmitoyl Heptapeptide,
Copper Heptapeptide-14 Pantothenate,
Coffee Seed Extract,
Cinnamon Bark,
Fomes Of?cinalis (Mushroom) Extract,
Ginkgo Biloba,
Feverfew Extract,
Ferric Hexapeptide,
Fernblock,
Essential Lipids,
Endothelyol,
Ethylhexyl Salicylate,
Ethyl Ascorbic Acid,
Green Tea,
Glycosphingolipids,
Glycoproteins,
Glycolipids,
Golden-Eye Grass Complex,
Glyceryl Glucoside,
Indian Gooseberry,
Hydrolyzed Pumpkin Seedcake,
Hydrolyzed F-Fucoidan,
Humectants,
Hibiscus Fruit Extract,
Horse Chestnut,
Heptapeptide-15 Palmitate,
Guarana Extract,
Lecithin,
L-Carnitine,
Laminaria Ochroleuca (Kelp) Extract,
Lactococcus Ferment Lysate,
Lactobacillus Ferment,
Lactobacillus Extract Filtrate,
Kola Seed Extract,
Jeju Green Tea Water,
Jojoba Beads,
Macrocystis Pyrifera (Kelp) Extract,
Magnesium Sulfate,
Lysine,
Lily Extract,
Luffa Cylindrica Extract,
Linolenic Acid,
Licorice Extract,
Natural Moisturising Factors,
Licochalcone A,
Naringenin Chalcone,
Myristoyl Nonapeptide,
Myristol Pentapeptide,
Milk Thistle Extract,
Myristol Hexapeptide,
Mushroom Extract,
Moringa Seed Extract,
Marshmallow Root,
Mineral UV Filters,
Marine Extract,
Mango Seed Butter,
Palmitoyl Oligopeptide,
Palmitoyl Nonapeptide,
Palmitoyl Pentapeptide,
Palmitoyl Glycine,
Palmitoyl Heptapeptide,
Palmitoyl Decapeptide,
Oligopeptide,
Padina Pavonica Thallus Extract,
Oat Extract,
Octinoxate,
Polyhydroxy Acids,
Porphyridium Cruentum Extract,
Polyporus Umbellatus (Mushroom) Extract,
Phytic Acid,
Plankton Extract,
Perfluorodecalin,
Phospholipids,
Palmitoyl  Tripeptide-1,
Pentapeptide,
Palmitoyl Tetrapeptide,
Parachlorella Beijerinckii Exopolysaccharides,
Palmitoyl Tripeptide,
Neurophroline,
Retinyl Propionate,
Red Algae,
Pseudoalteromonas Exopolysaccharides,
Potassium Azeloyl Diglycinate,
Probiotics,
Prickly Pear Extract,
Snow Mushroom Extract,
Prebiotics,
Sesame Seed Oil,
Silk Protein,
Sh-Oligopeptide,
Sea Buckthorn Water,
Saskatoon Berry,
Rosemary Leaf Extract,
Safflower Seed Oil,
Saccharomyces Cerevisiae (Yeast) Extract,
Sacred Lotus Flower Extract,
Tasmanian Pepperberry Extract,
Rhamnose,
Symsitive,
Sugar Cane Extract,
Sunflower Oil,
Spent Grain Wax,
Sulfur,
Turmeric Root Extract,
Tripleurospermum Maritimum Extract,
Triazine Diethyl Butamidotriazone,
Tomato Stem Cells,
Teprenone,
Threonine,
Tetrahexyldecyl Ascorbate,
Zinc,
Yerba Mate Extract,
Yeast Amino Acids,
Willow Herb Extract,
Willow Bark Extract,
Wild Cherry Extract,
White Tea,
Vitamin K1,
Vitamin E,
Vitamin C,
Vitamin B5,
Vitamin A,
Vibrio Alginolyticus Ferment Filtrate,
Tea Tree Oil,
Zinc Sulfate,
Neoglucosamine,
Marine Bioretinol Complex,Niacinamide;Peptides
Vegan Polydeoxyribonucleotide,Peptides;Ceramides
Senolytic Peptide Complex,NAD+ boosters;Antioxidants
Nicotinamide Mononucleotide,Niacinamide;Resveratrol
Fucose-Rich Polysaccharide Complex,Ceramides;Panthenol
Postbiotic Lactobacillus Metabolite,Prebiotics;Ceramides
Pycnogenol,Vitamin C
Ceramide EOS,Cholesterol
Hexapeptide-9,Copper peptide
Azelaoyl Glycine,Niacinamide
Azelaic Acid Derivative,Niacinamide
Glutathione Ethyl Ester,Vitamin C
Tripeptide-10 Citrulline,Peptides
Mulberry Extract,Tranexamic Acid
Arnica Montana Extract,Panthenol
Azelaic Acid Liposome,Niacinamide
Glucosyl Hesperidin,Niacinamide
Tetrapeptide-21,Vitamin C
Copper Lysinate/Prolinate,Peptides
Hydroxypinacolone Retinoate Complex,Niacinamide
Oligopeptide-68,Tranexamic Acid
Tranexamic Acid Polymer,Niacinamide
Oligopeptide-34,Tranexamic Acid
Oligopeptide-51,Niacinamide
Exosome Extract,Peptides
Ethylhexyl Methoxycinnamate,Avobenzone
Iron Oxides,Zinc Oxide
Retinyl Acetate,Antioxidants
Retinyl Linoleate,Linoleic Acid
Oligopeptide-24,Peptides
Callus Culture Extract,Antioxidants
Human Adipose Stem Cell Conditioned Media,Peptides
Tranexamic Acid Cetyl Phosphate,Niacinamide
4-Methoxysalicylic Acid Potassium Salt,Vitamin C
Tranexamic Acid Stearate,Niacinamide
Madecassoside Asiatica Complex,Panthenol
Aqua,
Sodium Hyaluronate,
Cocos Nucifera Oil,
Water/Aqua,"Humectants, emulsifiers"
Propylene Glycol Dicaprylate/Dicaprate,"UV filters, silicones"
Titanium Dioxide (nano),"Zinc Oxide, organic UV filters"
Nylon-12,"Silica, oil-absorbing powders"
Diisopropyl Adipate,"UV filters, silicones"
Silybum Marianum Extract,"Vitamin E, Niacinamide"
Hydroxyethyl Acrylate/Sodium Acryloyldimethyl Taurate Copolymer,Emulsifiers
Acacia Senegal Gum,Humectants
Trisodium Ethylenediamine Disuccinate,"Preservatives, antioxidants"
Titanium Dioxide,"Antioxidants, film formers"
Zinc Oxide,"Antioxidants, film formers"
Avobenzone,"Antioxidants, film formers"
Octinoxate,"Antioxidants, film formers"
Octisalate,"Antioxidants, film formers"
Octocrylene,"Antioxidants, film formers"
Homosalate,"Antioxidants, film formers"
Oxybenzone,"Antioxidants, film formers"
Ensulizole,"Antioxidants, film formers"
Meradimate,"Antioxidants, film formers"
Ecamsule,"Antioxidants, film formers"
Diethylamino Hydroxybenzoyl Hexyl Benzoate,"Antioxidants, film formers"
Ethylhexyl Triazone,"Antioxidants, film formers"
Bis-Ethylhexyloxyphenol Methoxyphenyl Triazine,"Antioxidants, film formers"
Methylene Bis-Benzotriazolyl Tetramethylbutylphenol,"Antioxidants, film formers"
Polysilicone-15,"Antioxidants, film formers"
Terephthalylidene Dicamphor Sulfonic Acid,"Antioxidants, film formers"
Phenylbenzimidazole Sulfonic Acid,"Antioxidants, film formers"
Isoamyl p-Methoxycinnamate,"Antioxidants, film formers"
Diethylhexyl Butamido Triazone,"Antioxidants, film formers"
Drometrizole Trisiloxane,"Antioxidants, film formers"
Benzophenone-1,"Antioxidants, film formers"
Benzophenone-2,"Antioxidants, film formers"
Benzophenone-3,"Antioxidants, film formers"
Benzophenone-4,"Antioxidants, film formers"
Benzophenone-5,"Antioxidants, film formers"
Camphor Benzalkonium Methosulfate,"Antioxidants, film formers"
UV Filter Variant 1,"Antioxidants, film formers"
UV Filter Variant 2,"Antioxidants, film formers"
UV Filter Variant 3,"Antioxidants, film formers"
UV Filter Variant 4,"Antioxidants, film formers"
UV Filter Variant 5,"Antioxidants, film formers"
UV Filter Variant 6,"Antioxidants, film formers"
UV Filter Variant 7,"Antioxidants, film formers"
UV Filter Variant 8,"Antioxidants, film formers"
UV Filter Variant 9,"Antioxidants, film formers"
UV Filter Variant 10,"Antioxidants, film formers"
UV Filter Variant 11,"Antioxidants, film formers"
UV Filter Variant 12,"Antioxidants, film formers"
UV Filter Variant 13,"Antioxidants, film formers"
UV Filter Variant 14,"Antioxidants, film formers"
UV Filter Variant 15,"Antioxidants, film formers"
UV Filter Variant 16,"Antioxidants, film formers"
UV Filter Variant 17,"Antioxidants, film formers"
UV Filter Variant 18,"Antioxidants, film formers"
UV Filter Variant 19,"Antioxidants, film formers"
UV Filter Variant 20,"Antioxidants, film formers"
UV Filter Variant 21,"Antioxidants, film formers"
UV Filter Variant 22,"Antioxidants, film formers"
UV Filter Variant 23,"Antioxidants, film formers"
UV Filter Variant 24,"Antioxidants, film formers"
UV Filter Variant 25,"Antioxidants, film formers"
UV Filter Variant 26,"Antioxidants, film formers"
UV Filter Variant 27,"Antioxidants, film formers"
UV Filter Variant 28,"Antioxidants, film formers"
UV Filter Variant 29,"Antioxidants, film formers"
UV Filter Variant 30,"Antioxidants, film formers"
UV Filter Variant 31,"Antioxidants, film formers"
UV Filter Variant 32,"Antioxidants, film formers"
UV Filter Variant 33,"Antioxidants, film formers"
UV Filter Variant 34,"Antioxidants, film formers"
UV Filter Variant 35,"Antioxidants, film formers"
UV Filter Variant 36,"Antioxidants, film formers"
UV Filter Variant 37,"Antioxidants, film formers"
UV Filter Variant 38,"Antioxidants, film formers"
UV Filter Variant 39,"Antioxidants, film formers"
UV Filter Variant 40,"Antioxidants, film formers"
UV Filter Variant 41,"Antioxidants, film formers"
UV Filter Variant 42,"Antioxidants, film formers"
UV Filter Variant 43,"Antioxidants, film formers"
UV Filter Variant 44,"Antioxidants, film formers"
UV Filter Variant 45,"Antioxidants, film formers"
UV Filter Variant 46,"Antioxidants, film formers"
UV Filter Variant 47,"Antioxidants, film formers"
UV Filter Variant 48,"Antioxidants, film formers"
UV Filter Variant 49,"Antioxidants, film formers"
UV Filter Variant 50,"Antioxidants, film formers"
UV Filter Variant 51,"Antioxidants, film formers"
UV Filter Variant 52,"Antioxidants, film formers"
UV Filter Variant 53,"Antioxidants, film formers"
UV Filter Variant 54,"Antioxidants, film formers"
UV Filter Variant 55,"Antioxidants, film formers"
UV Filter Variant 56,"Antioxidants, film formers"
UV Filter Variant 57,"Antioxidants, film formers"
UV Filter Variant 58,"Antioxidants, film formers"
UV Filter Variant 59,"Antioxidants, film formers"
UV Filter Variant 60,"Antioxidants, film formers"
UV Filter Variant 61,"Antioxidants, film formers"
UV Filter Variant 62,"Antioxidants, film formers"
UV Filter Variant 63,"Antioxidants, film formers"
UV Filter Variant 64,"Antioxidants, film formers"
UV Filter Variant 65,"Antioxidants, film formers"
UV Filter Variant 66,"Antioxidants, film formers"
UV Filter Variant 67,"Antioxidants, film formers"
UV Filter Variant 68,"Antioxidants, film formers"
UV Filter Variant 69,"Antioxidants, film formers"
UV Filter Variant 70,"Antioxidants, film formers"
UV Filter Variant 71,"Antioxidants, film formers"
UV Filter Variant 72,"Antioxidants, film formers"
UV Filter Variant 73,"Antioxidants, film formers"
UV Filter Variant 74,"Antioxidants, film formers"
UV Filter Variant 75,"Antioxidants, film formers"
UV Filter Variant 76,"Antioxidants, film formers"
UV Filter Variant 77,"Antioxidants, film formers"
UV Filter Variant 78,"Antioxidants, film formers"
UV Filter Variant 79,"Antioxidants, film formers"
UV Filter Variant 80,"Antioxidants, film formers"
UV Filter Variant 81,"Antioxidants, film formers"
UV Filter Variant 82,"Antioxidants, film formers"
UV Filter Variant 83,"Antioxidants, film formers"
UV Filter Variant 84,"Antioxidants, film formers"
Phenoxyethanol,Chelating agents
Parabens,Chelating agents
Methylparaben,Chelating agents
Propylparaben,Chelating agents
Butylparaben,Chelating agents
Benzyl Alcohol,Chelating agents
Chlorphenesin,Chelating agents
Sodium Benzoate,Chelating agents
Potassium Sorbate,Chelating agents
Ethylhexylglycerin,Chelating agents
Formaldehyde,Chelating agents
DMDM Hydantoin,Chelating agents
Imidazolidinyl Urea,Chelating agents
Diazolidinyl Urea,Chelating agents
Quaternium-15,Chelating agents
Methylisothiazolinone,Chelating agents
Methylchloroisothiazolinone,Chelating agents
Dehydroacetic Acid,Chelating agents
Caprylyl Glycol,Chelating agents
Acetyl Tetrapeptide-11,
Acetyl Tetrapeptide-2,
Acetyl Zingerone,
Acrylates Copolymer,
Adansonia Digitata Seed Oil,
Alpha Lipoic Acid,
Alpha-Arbutin,
Ammonium Acryloyldimethyltaurate/VP Copolymer,
Artemisia Princeps Leaf Extract,
Aspergillus Ferment,
Bacillus Ferment,
Beta-Cyclodextrin,
Hydroxyethyl Urea,
Tretinoin,
Kojic Dipalmitate,
Undecylenoyl Phenylalanine,
Nonapeptide-1,
Phloretin,
Palmitoyl Tripeptide-38,
Myristoyl Pentapeptide-17,
Saccharomyces Ferment,
Thermus Thermophillus Ferment,
Vitreoscilla Ferment,
Sodium Lauroyl Methyl Isethionate,
Caprylyl/Capryl Glucoside,
Potassium Cocoyl Glycinate,
Hydroxypropyl Methylcellulose,
Liposomes,
Niosomes,
Tocopheryl Acetate,Ascorbic Acid; Sodium Ascorbyl Phosphate; Ferulic Acid; Niacinamide
